patient_id,age,gender,smoking,physical_activity,hypertension,cholesterol,chest_pain,shortness_of_breath,fatigue,resting_ecg,heart_disease_risk
P1001,62,Male,Yes,Low,High,High,Typical_Angina,Severe,Severe,ST_T_Abnormality,High
P1002,44,Female,No,Moderate,Normal,Normal,None,No,Normal,Normal,Low
P1003,58,Male,Yes,Moderate,High,Borderline,Atypical,Mild,Elevated,Normal,Moderate
P1004,28,Female,No,High,Normal,Normal,None,No,Normal,Normal,Low
P1005,71,Male,Yes,Low,High,High,Typical_Angina,Severe,Severe,Hypertrophy,High
P1006,35,Male,No,High,Normal,Borderline,None,No,Normal,Normal,Low
P1007,67,Female,No,Low,High,High,Typical_Angina,Mild,Elevated,ST_T_Abnormality,High
P1008,52,Male,Yes,Low,High,Borderline,Atypical,Mild,Elevated,Normal,Moderate
P1009,49,Female,No,Moderate,Normal,Normal,None,No,Normal,Normal,Low
P1010,61,Male,Yes,Low,High,High,Typical_Angina,Severe,Severe,Hypertrophy,High
P1011,39,Male,No,Moderate,Normal,Borderline,None,No,Normal,Normal,Low
P1012,56,Female,Yes,Low,High,High,Atypical,Mild,Elevated,ST_T_Abnormality,Moderate
P1013,64,Male,No,Moderate,High,Borderline,Atypical,Mild,Normal,Normal,Moderate
P1014,31,Female,No,High,Normal,Normal,None,No,Normal,Normal,Low
P1015,73,Male,Yes,Low,High,High,Typical_Angina,Severe,Severe,Hypertrophy,High
P1016,48,Male,Yes,Moderate,Normal,Borderline,Atypical,Mild,Elevated,Normal,Low
P1017,59,Female,No,Low,High,High,Typical_Angina,Severe,Elevated,ST_T_Abnormality,High
P1018,42,Male,No,High,Normal,Normal,None,No,Normal,Normal,Low
P1019,65,Female,Yes,Low,High,High,Typical_Angina,Severe,Severe,ST_T_Abnormality,High
P1020,53,Male,Yes,Moderate,High,Borderline,Atypical,Mild,Elevated,Normal,Moderate
P1021,37,Female,No,Moderate,Normal,Normal,None,No,Normal,Normal,Low
P1022,69,Male,Yes,Low,High,High,Typical_Angina,Severe,Severe,Hypertrophy,High
P1023,46,Female,No,High,Normal,Borderline,None,No,Normal,Normal,Low
P1024,60,Male,No,Moderate,High,High,Atypical,Mild,Elevated,ST_T_Abnormality,Moderate
P1025,33,Male,No,High,Normal,Normal,None,No,Normal,Normal,Low
P1026,57,Female,Yes,Low,High,High,Typical_Angina,Mild,Elevated,Normal,High
P1027,45,Male,No,Moderate,Normal,Borderline,None,No,Normal,Normal,Low
P1028,63,Male,Yes,Low,High,High,Typical_Angina,Severe,Severe,Hypertrophy,High
P1029,51,Female,No,Moderate,Normal,Normal,None,No,Normal,Normal,Low
P1030,70,Male,Yes,Low,High,High,Typical_Angina,Severe,Severe,ST_T_Abnormality,High
P1031,34,Female,No,High,Normal,Normal,None,No,Normal,Normal,Low
P1032,58,Male,Yes,Moderate,High,Borderline,Atypical,Mild,Elevated,Normal,Moderate
P1033,66,Female,No,Low,High,High,Typical_Angina,Severe,Elevated,ST_T_Abnormality,High
P1034,41,Male,No,High,Normal,Normal,None,No,Normal,Normal,Low
P1035,68,Male,Yes,Low,High,High,Typical_Angina,Severe,Severe,Hypertrophy,High
P1036,47,Female,No,Moderate,Normal,Borderline,None,No,Normal,Normal,Low
P1037,55,Male,Yes,Low,High,High,Atypical,Mild,Elevated,Normal,Moderate
P1038,62,Female,No,Moderate,High,Borderline,Atypical,No,Normal,Normal,Moderate
P1039,29,Male,No,High,Normal,Normal,None,No,Normal,Normal,Low
P1040,74,Female,Yes,Low,High,High,Typical_Angina,Severe,Severe,Hypertrophy,High
P1041,50,Male,No,Moderate,Normal,Normal,None,No,Normal,Normal,Low
P1042,64,Female,Yes,Low,High,High,Typical_Angina,Mild,Severe,ST_T_Abnormality,High
P1043,43,Male,No,High,Normal,Borderline,None,No,Normal,Normal,Low
P1044,59,Male,Yes,Moderate,High,Borderline,Atypical,Mild,Elevated,Normal,Moderate
P1045,36,Female,No,Moderate,Normal,Normal,None,No,Normal,Normal,Low
P1046,72,Male,Yes,Low,High,High,Typical_Angina,Severe,Severe,Hypertrophy,High
P1047,40,Male,No,High,Normal,Normal,None,No,Normal,Normal,Low
P1048,65,Female,No,Low,High,High,Typical_Angina,Mild,Elevated,ST_T_Abnormality,High
P1049,53,Male,Yes,Low,High,Borderline,Atypical,Mild,Elevated,Normal,Moderate
P1050,48,Female,No,Moderate,Normal,Normal,None,No,Normal,Normal,Low
P1051,67,Male,Yes,Low,High,High,Typical_Angina,Severe,Severe,ST_T_Abnormality,High
P1052,38,Male,No,High,Normal,Normal,None,No,Normal,Normal,Low
P1053,56,Female,Yes,Moderate,High,Borderline,Atypical,Mild,Normal,Normal,Moderate
P1054,61,Male,No,Moderate,High,High,Atypical,Mild,Elevated,Normal,Moderate
P1055,30,Female,No,High,Normal,Normal,None,No,Normal,Normal,Low
P1056,75,Male,Yes,Low,High,High,Typical_Angina,Severe,Severe,Hypertrophy,High
P1057,44,Male,No,Moderate,Normal,Borderline,None,No,Normal,Normal,Low
P1058,58,Female,No,Low,High,High,Typical_Angina,Severe,Elevated,ST_T_Abnormality,High
P1059,52,Male,Yes,Low,High,Borderline,Atypical,Mild,Elevated,Normal,Moderate
P1060,35,Female,No,High,Normal,Normal,None,No,Normal,Normal,Low
P1061,69,Male,Yes,Low,High,High,Typical_Angina,Severe,Severe,Hypertrophy,High
P1062,49,Male,No,Moderate,Normal,Borderline,None,No,Normal,Normal,Low
P1063,63,Female,Yes,Low,High,High,Typical_Angina,Mild,Severe,ST_T_Abnormality,High
P1064,42,Female,No,High,Normal,Normal,None,No,Normal,Normal,Low
P1065,66,Male,Yes,Low,High,High,Typical_Angina,Severe,Severe,Hypertrophy,High
P1066,54,Male,No,Moderate,High,Borderline,Atypical,Mild,Normal,Normal,Moderate
P1067,39,Female,No,Moderate,Normal,Normal,None,No,Normal,Normal,Low
P1068,71,Female,Yes,Low,High,High,Typical_Angina,Severe,Severe,ST_T_Abnormality,High
P1069,46,Male,No,High,Normal,Borderline,None,No,Normal,Normal,Low
P1070,60,Female,Yes,Low,High,High,Atypical,Mild,Elevated,Normal,High
P1071,32,Male,No,High,Normal,Normal,None,No,Normal,Normal,Low
P1072,68,Male,Yes,Low,High,High,Typical_Angina,Severe,Severe,Hypertrophy,High
P1073,50,Female,No,Moderate,Normal,Normal,None,No,Normal,Normal,Low
P1074,57,Male,Yes,Moderate,High,Borderline,Atypical,Mild,Elevated,Normal,Moderate
P1075,43,Male,No,Moderate,Normal,Borderline,None,No,Normal,Normal,Low
P1076,73,Female,Yes,Low,High,High,Typical_Angina,Severe,Severe,ST_T_Abnormality,High
P1077,37,Male,No,High,Normal,Normal,None,No,Normal,Normal,Low
P1078,64,Male,No,Low,High,High,Atypical,Mild,Elevated,ST_T_Abnormality,Moderate
P1079,55,Female,Yes,Low,High,Borderline,Atypical,Mild,Elevated,Normal,Moderate
P1080,27,Female,No,High,Normal,Normal,None,No,Normal,Normal,Low
P1081,70,Male,Yes,Low,High,High,Typical_Angina,Severe,Severe,Hypertrophy,High
P1082,45,Female,No,Moderate,Normal,Normal,None,No,Normal,Normal,Low
P1083,62,Male,Yes,Low,High,High,Typical_Angina,Mild,Severe,ST_T_Abnormality,High
P1084,51,Male,No,Moderate,High,Borderline,Atypical,No,Normal,Normal,Low
P1085,34,Male,No,High,Normal,Normal,None,No,Normal,Normal,Low
P1086,76,Male,Yes,Low,High,High,Typical_Angina,Severe,Severe,Hypertrophy,High
P1087,48,Female,No,Moderate,Normal,Borderline,None,No,Normal,Normal,Low
P1088,59,Male,No,Low,High,High,Typical_Angina,Severe,Elevated,ST_T_Abnormality,High
P1089,53,Female,Yes,Low,High,Borderline,Atypical,Mild,Elevated,Normal,Moderate
P1090,36,Male,No,High,Normal,Normal,None,No,Normal,Normal,Low
P1091,67,Male,Yes,Low,High,High,Typical_Angina,Severe,Severe,ST_T_Abnormality,High
P1092,44,Female,No,Moderate,Normal,Normal,None,No,Normal,Normal,Low
P1093,65,Male,No,Moderate,High,High,Atypical,Mild,Elevated,Hypertrophy,High
P1094,40,Female,No,High,Normal,Borderline,None,No,Normal,Normal,Low
P1095,58,Male,Yes,Low,High,High,Typical_Angina,Mild,Severe,Normal,High
P1096,49,Male,No,Moderate,Normal,Borderline,None,No,Normal,Normal,Low
P1097,72,Female,Yes,Low,High,High,Typical_Angina,Severe,Severe,Hypertrophy,High
P1098,31,Male,No,High,Normal,Normal,None,No,Normal,Normal,Low
P1099,63,Female,No,Low,High,High,Atypical,Mild,Elevated,ST_T_Abnormality,Moderate
P1100,56,Male,Yes,Moderate,High,Borderline,Atypical,Mild,Elevated,Normal,Moderate
P1101,60,Male,Yes,Low,High,High,Typical_Angina,Severe,Severe,ST_T_Abnormality,High
P1102,42,Male,No,Moderate,Normal,Normal,None,No,Normal,Normal,Low
P1103,55,Female,No,Moderate,High,Borderline,Atypical,Mild,Normal,Normal,Moderate
P1104,26,Male,No,High,Normal,Normal,None,No,Normal,Normal,Low
P1105,74,Male,Yes,Low,High,High,Typical_Angina,Severe,Severe,Hypertrophy,High
P1106,38,Female,No,High,Normal,Borderline,None,No,Normal,Normal,Low
P1107,66,Female,Yes,Low,High,High,Typical_Angina,Mild,Severe,ST_T_Abnormality,High
P1108,51,Male,Yes,Moderate,High,Borderline,Atypical,Mild,Elevated,Normal,Moderate
P1109,47,Female,No,Moderate,Normal,Normal,None,No,Normal,Normal,Low
P1110,69,Male,Yes,Low,High,High,Typical_Angina,Severe,Severe,Hypertrophy,High
P1111,35,Male,No,High,Normal,Normal,None,No,Normal,Normal,Low
P1112,57,Female,No,Low,High,High,Atypical,Mild,Elevated,ST_T_Abnormality,Moderate
P1113,63,Male,Yes,Low,High,High,Typical_Angina,Severe,Severe,ST_T_Abnormality,High
P1114,33,Female,No,High,Normal,Normal,None,No,Normal,Normal,Low
P1115,71,Male,Yes,Low,High,High,Typical_Angina,Severe,Severe,Hypertrophy,High
P1116,46,Male,No,Moderate,Normal,Borderline,None,No,Normal,Normal,Low
P1117,58,Female,Yes,Low,High,High,Typical_Angina,Mild,Elevated,Normal,High
P1118,43,Female,No,High,Normal,Normal,None,No,Normal,Normal,Low
P1119,65,Male,Yes,Low,High,High,Typical_Angina,Severe,Severe,Hypertrophy,High
P1120,52,Male,No,Moderate,High,Borderline,Atypical,Mild,Normal,Normal,Moderate
